INSERT INTO USER (USER_UUID, USER_NAME, FIRST_NAME, LAST_NAME, PASSWORD)
VALUES ('e1f1c360-0816-43ca-a171-e016c817588d', 'james', 'Lai', 'James', '185f8db32271fe25f561a6fc938b2e264306ec304eda518007d1764826381969'); -- Password = Hello
INSERT INTO USER (USER_UUID, USER_NAME, FIRST_NAME, LAST_NAME, PASSWORD)
VALUES ('fa6d7ea5-d0c3-4e95-8d73-7c95ca439332', 'janet', 'Chan', 'Janet', '78ae647dc5544d227130a0682a51e30bc7777fbb6d8a8f17007463a3ecd1d524'); -- Password = World
INSERT INTO USER (USER_UUID, USER_NAME, FIRST_NAME, LAST_NAME, PASSWORD)
VALUES ('d9ce654b-f4b6-40f8-bd7e-d566aa40048b', 'anna', 'Wong', 'Anna', 'f223faa96f22916294922b171a2696d868fd1f9129302eb41a45b2a2ea2ebbfd'); -- Password = Apple
INSERT INTO USER (USER_UUID, USER_NAME, FIRST_NAME, LAST_NAME, PASSWORD)
VALUES ('0704e4a3-a069-4c6c-a73c-cb4082ec2a82', 'peter', 'Lee', 'Peter', 'c0e34454138b3b0b97077f1349200461517a286c44ee12f5778bb6c8b71ee9a3'); -- Password = Juice


INSERT INTO PIZZA_TYPE (PIZZA_TYPE_UUID, NAME, DESCRIPTION)
VALUES ('e676d1c5-7920-408a-a570-cd2b3d9ed24f', 'Neapolitan Pizza', 'The true original, topped with sauce from fresh tomatoes olive oil and minimal mozzarella.'); 
INSERT INTO PIZZA_TYPE (PIZZA_TYPE_UUID, NAME, DESCRIPTION)
VALUES ('a08d319e-eba2-4d2c-bfbb-9b1e747f787e', 'Chicago Pizza', 'Prepared as the thick, classic deep-dish pizza. Thin-medium crust containing cornmeal or semolina.'); 
INSERT INTO PIZZA_TYPE (PIZZA_TYPE_UUID, NAME, DESCRIPTION)
VALUES ('3e4a0c24-b820-4a53-b379-5dacb38b439d', 'New-York Pizza', 'Large, foldable slices, crispy outer crust. Traditional toppings of tomato sauce and mozzarella cheese.'); 
INSERT INTO PIZZA_TYPE (PIZZA_TYPE_UUID, NAME, DESCRIPTION)
VALUES ('3f59da26-fba9-4746-92f3-c6c003c59554', 'California Pizza', 'A single-serving, thin crust pizza. Popular due to its creative, non-traditional toppings, like chicken, egg, artichokes, salmon, feta or goat cheese.'); 

INSERT INTO PIZZA_SIZE (PIZZA_SIZE_UUID, NAME, DESCRIPTION, PRICE)
VALUES ('0a06928c-92b9-4037-80a8-8022ca95e13b', 'Round - Regular', 'Round - Regular Size', 99); 
INSERT INTO PIZZA_SIZE (PIZZA_SIZE_UUID, NAME, DESCRIPTION, PRICE)
VALUES ('8d6ab16c-a2ab-46b3-8aa0-91674295afb7', 'Round - Large', 'Round - Large Size', 129); 
INSERT INTO PIZZA_SIZE (PIZZA_SIZE_UUID, NAME, DESCRIPTION, PRICE)
VALUES ('e423135c-b597-4ec9-a54a-cff57da39f38', 'Square - Regular', 'Square - Regular Size', 119); 
INSERT INTO PIZZA_SIZE (PIZZA_SIZE_UUID, NAME, DESCRIPTION, PRICE)
VALUES ('af9d2771-9dce-40a0-ac80-1adf19088017', 'Square - Large', 'Square - Large Size', 149); 

INSERT INTO PIZZA_TOPPING (PIZZA_TOPPING_UUID, NAME, DESCRIPTION, PRICE)
VALUES ('eca3dd33-0aab-4ce7-bb41-14bcc9212aaf', 'Chicken', 'Chicken topping', 15); 
INSERT INTO PIZZA_TOPPING (PIZZA_TOPPING_UUID, NAME, DESCRIPTION, PRICE)
VALUES ('d53837f6-94d9-423c-9765-45e41073adb3', 'Egg', 'Egg topping', 15); 
INSERT INTO PIZZA_TOPPING (PIZZA_TOPPING_UUID, NAME, DESCRIPTION, PRICE)
VALUES ('609d758d-11d0-4e9c-9643-45365a4d1817', 'Goat Cheese', 'Goat Cheese topping', 25); 
INSERT INTO PIZZA_TOPPING (PIZZA_TOPPING_UUID, NAME, DESCRIPTION, PRICE)
VALUES ('fb3a2777-af14-45b7-8765-a1e1d761e48e', 'Salmon', 'Salmon topping', 25); 
INSERT INTO PIZZA_TOPPING (PIZZA_TOPPING_UUID, NAME, DESCRIPTION, PRICE)
VALUES ('3e85e4d5-6c0c-421c-8d52-387a8074c3ac', 'Beef', 'Beef topping', 20); 

INSERT INTO SUB_ITEM_CATEGORY (SUB_ITEM_CATEGORY_ID, SUB_ITEM_NAME)
VALUES (1, 'Pizza Size'); 
INSERT INTO SUB_ITEM_CATEGORY (SUB_ITEM_CATEGORY_ID, SUB_ITEM_NAME)
VALUES (2, 'Pizza Topping');


INSERT INTO PIZZA (PIZZA_TYPE_UUID, PIZZA_SIZE_UUID, PIZZA_TOPPING_UUID)
VALUES ('e676d1c5-7920-408a-a570-cd2b3d9ed24f', '0a06928c-92b9-4037-80a8-8022ca95e13b', 'eca3dd33-0aab-4ce7-bb41-14bcc9212aaf'); 
INSERT INTO PIZZA (PIZZA_TYPE_UUID, PIZZA_SIZE_UUID, PIZZA_TOPPING_UUID)
VALUES ('e676d1c5-7920-408a-a570-cd2b3d9ed24f', '0a06928c-92b9-4037-80a8-8022ca95e13b', 'd53837f6-94d9-423c-9765-45e41073adb3'); 
INSERT INTO PIZZA (PIZZA_TYPE_UUID, PIZZA_SIZE_UUID, PIZZA_TOPPING_UUID)
VALUES ('e676d1c5-7920-408a-a570-cd2b3d9ed24f', '0a06928c-92b9-4037-80a8-8022ca95e13b', '609d758d-11d0-4e9c-9643-45365a4d1817'); 
INSERT INTO PIZZA (PIZZA_TYPE_UUID, PIZZA_SIZE_UUID, PIZZA_TOPPING_UUID)
VALUES ('e676d1c5-7920-408a-a570-cd2b3d9ed24f', '0a06928c-92b9-4037-80a8-8022ca95e13b', 'fb3a2777-af14-45b7-8765-a1e1d761e48e'); 
INSERT INTO PIZZA (PIZZA_TYPE_UUID, PIZZA_SIZE_UUID, PIZZA_TOPPING_UUID)
VALUES ('e676d1c5-7920-408a-a570-cd2b3d9ed24f', '0a06928c-92b9-4037-80a8-8022ca95e13b', '3e85e4d5-6c0c-421c-8d52-387a8074c3ac'); 
INSERT INTO PIZZA (PIZZA_TYPE_UUID, PIZZA_SIZE_UUID, PIZZA_TOPPING_UUID)
VALUES ('e676d1c5-7920-408a-a570-cd2b3d9ed24f', '8d6ab16c-a2ab-46b3-8aa0-91674295afb7', 'eca3dd33-0aab-4ce7-bb41-14bcc9212aaf'); 
INSERT INTO PIZZA (PIZZA_TYPE_UUID, PIZZA_SIZE_UUID, PIZZA_TOPPING_UUID)
VALUES ('e676d1c5-7920-408a-a570-cd2b3d9ed24f', '8d6ab16c-a2ab-46b3-8aa0-91674295afb7', 'd53837f6-94d9-423c-9765-45e41073adb3'); 
INSERT INTO PIZZA (PIZZA_TYPE_UUID, PIZZA_SIZE_UUID, PIZZA_TOPPING_UUID)
VALUES ('e676d1c5-7920-408a-a570-cd2b3d9ed24f', '8d6ab16c-a2ab-46b3-8aa0-91674295afb7', '609d758d-11d0-4e9c-9643-45365a4d1817'); 
INSERT INTO PIZZA (PIZZA_TYPE_UUID, PIZZA_SIZE_UUID, PIZZA_TOPPING_UUID)
VALUES ('e676d1c5-7920-408a-a570-cd2b3d9ed24f', '8d6ab16c-a2ab-46b3-8aa0-91674295afb7', 'fb3a2777-af14-45b7-8765-a1e1d761e48e'); 
INSERT INTO PIZZA (PIZZA_TYPE_UUID, PIZZA_SIZE_UUID, PIZZA_TOPPING_UUID)
VALUES ('e676d1c5-7920-408a-a570-cd2b3d9ed24f', '8d6ab16c-a2ab-46b3-8aa0-91674295afb7', '3e85e4d5-6c0c-421c-8d52-387a8074c3ac'); 
INSERT INTO PIZZA (PIZZA_TYPE_UUID, PIZZA_SIZE_UUID, PIZZA_TOPPING_UUID)
VALUES ('e676d1c5-7920-408a-a570-cd2b3d9ed24f', 'e423135c-b597-4ec9-a54a-cff57da39f38', 'eca3dd33-0aab-4ce7-bb41-14bcc9212aaf'); 
INSERT INTO PIZZA (PIZZA_TYPE_UUID, PIZZA_SIZE_UUID, PIZZA_TOPPING_UUID)
VALUES ('e676d1c5-7920-408a-a570-cd2b3d9ed24f', 'e423135c-b597-4ec9-a54a-cff57da39f38', 'd53837f6-94d9-423c-9765-45e41073adb3'); 
INSERT INTO PIZZA (PIZZA_TYPE_UUID, PIZZA_SIZE_UUID, PIZZA_TOPPING_UUID)
VALUES ('e676d1c5-7920-408a-a570-cd2b3d9ed24f', 'e423135c-b597-4ec9-a54a-cff57da39f38', '609d758d-11d0-4e9c-9643-45365a4d1817'); 
INSERT INTO PIZZA (PIZZA_TYPE_UUID, PIZZA_SIZE_UUID, PIZZA_TOPPING_UUID)
VALUES ('e676d1c5-7920-408a-a570-cd2b3d9ed24f', 'e423135c-b597-4ec9-a54a-cff57da39f38', 'fb3a2777-af14-45b7-8765-a1e1d761e48e'); 
INSERT INTO PIZZA (PIZZA_TYPE_UUID, PIZZA_SIZE_UUID, PIZZA_TOPPING_UUID)
VALUES ('e676d1c5-7920-408a-a570-cd2b3d9ed24f', 'e423135c-b597-4ec9-a54a-cff57da39f38', '3e85e4d5-6c0c-421c-8d52-387a8074c3ac'); 
INSERT INTO PIZZA (PIZZA_TYPE_UUID, PIZZA_SIZE_UUID, PIZZA_TOPPING_UUID)
VALUES ('e676d1c5-7920-408a-a570-cd2b3d9ed24f', 'af9d2771-9dce-40a0-ac80-1adf19088017', 'eca3dd33-0aab-4ce7-bb41-14bcc9212aaf'); 
INSERT INTO PIZZA (PIZZA_TYPE_UUID, PIZZA_SIZE_UUID, PIZZA_TOPPING_UUID)
VALUES ('e676d1c5-7920-408a-a570-cd2b3d9ed24f', 'af9d2771-9dce-40a0-ac80-1adf19088017', 'd53837f6-94d9-423c-9765-45e41073adb3'); 
INSERT INTO PIZZA (PIZZA_TYPE_UUID, PIZZA_SIZE_UUID, PIZZA_TOPPING_UUID)
VALUES ('e676d1c5-7920-408a-a570-cd2b3d9ed24f', 'af9d2771-9dce-40a0-ac80-1adf19088017', '609d758d-11d0-4e9c-9643-45365a4d1817'); 
INSERT INTO PIZZA (PIZZA_TYPE_UUID, PIZZA_SIZE_UUID, PIZZA_TOPPING_UUID)
VALUES ('e676d1c5-7920-408a-a570-cd2b3d9ed24f', 'af9d2771-9dce-40a0-ac80-1adf19088017', 'fb3a2777-af14-45b7-8765-a1e1d761e48e'); 
INSERT INTO PIZZA (PIZZA_TYPE_UUID, PIZZA_SIZE_UUID, PIZZA_TOPPING_UUID)
VALUES ('e676d1c5-7920-408a-a570-cd2b3d9ed24f', 'af9d2771-9dce-40a0-ac80-1adf19088017', '3e85e4d5-6c0c-421c-8d52-387a8074c3ac');

INSERT INTO PIZZA (PIZZA_TYPE_UUID, PIZZA_SIZE_UUID, PIZZA_TOPPING_UUID)
VALUES ('a08d319e-eba2-4d2c-bfbb-9b1e747f787e', '0a06928c-92b9-4037-80a8-8022ca95e13b', 'eca3dd33-0aab-4ce7-bb41-14bcc9212aaf'); 
INSERT INTO PIZZA (PIZZA_TYPE_UUID, PIZZA_SIZE_UUID, PIZZA_TOPPING_UUID)
VALUES ('a08d319e-eba2-4d2c-bfbb-9b1e747f787e', '0a06928c-92b9-4037-80a8-8022ca95e13b', 'd53837f6-94d9-423c-9765-45e41073adb3'); 
INSERT INTO PIZZA (PIZZA_TYPE_UUID, PIZZA_SIZE_UUID, PIZZA_TOPPING_UUID)
VALUES ('a08d319e-eba2-4d2c-bfbb-9b1e747f787e', '0a06928c-92b9-4037-80a8-8022ca95e13b', '609d758d-11d0-4e9c-9643-45365a4d1817'); 
INSERT INTO PIZZA (PIZZA_TYPE_UUID, PIZZA_SIZE_UUID, PIZZA_TOPPING_UUID)
VALUES ('a08d319e-eba2-4d2c-bfbb-9b1e747f787e', '0a06928c-92b9-4037-80a8-8022ca95e13b', 'fb3a2777-af14-45b7-8765-a1e1d761e48e'); 
INSERT INTO PIZZA (PIZZA_TYPE_UUID, PIZZA_SIZE_UUID, PIZZA_TOPPING_UUID)
VALUES ('a08d319e-eba2-4d2c-bfbb-9b1e747f787e', '0a06928c-92b9-4037-80a8-8022ca95e13b', '3e85e4d5-6c0c-421c-8d52-387a8074c3ac'); 
INSERT INTO PIZZA (PIZZA_TYPE_UUID, PIZZA_SIZE_UUID, PIZZA_TOPPING_UUID)
VALUES ('a08d319e-eba2-4d2c-bfbb-9b1e747f787e', '8d6ab16c-a2ab-46b3-8aa0-91674295afb7', 'eca3dd33-0aab-4ce7-bb41-14bcc9212aaf'); 
INSERT INTO PIZZA (PIZZA_TYPE_UUID, PIZZA_SIZE_UUID, PIZZA_TOPPING_UUID)
VALUES ('a08d319e-eba2-4d2c-bfbb-9b1e747f787e', '8d6ab16c-a2ab-46b3-8aa0-91674295afb7', 'd53837f6-94d9-423c-9765-45e41073adb3'); 
INSERT INTO PIZZA (PIZZA_TYPE_UUID, PIZZA_SIZE_UUID, PIZZA_TOPPING_UUID)
VALUES ('a08d319e-eba2-4d2c-bfbb-9b1e747f787e', '8d6ab16c-a2ab-46b3-8aa0-91674295afb7', '609d758d-11d0-4e9c-9643-45365a4d1817'); 
INSERT INTO PIZZA (PIZZA_TYPE_UUID, PIZZA_SIZE_UUID, PIZZA_TOPPING_UUID)
VALUES ('a08d319e-eba2-4d2c-bfbb-9b1e747f787e', '8d6ab16c-a2ab-46b3-8aa0-91674295afb7', 'fb3a2777-af14-45b7-8765-a1e1d761e48e'); 
INSERT INTO PIZZA (PIZZA_TYPE_UUID, PIZZA_SIZE_UUID, PIZZA_TOPPING_UUID)
VALUES ('a08d319e-eba2-4d2c-bfbb-9b1e747f787e', '8d6ab16c-a2ab-46b3-8aa0-91674295afb7', '3e85e4d5-6c0c-421c-8d52-387a8074c3ac'); 
INSERT INTO PIZZA (PIZZA_TYPE_UUID, PIZZA_SIZE_UUID, PIZZA_TOPPING_UUID)
VALUES ('a08d319e-eba2-4d2c-bfbb-9b1e747f787e', 'e423135c-b597-4ec9-a54a-cff57da39f38', 'eca3dd33-0aab-4ce7-bb41-14bcc9212aaf'); 
INSERT INTO PIZZA (PIZZA_TYPE_UUID, PIZZA_SIZE_UUID, PIZZA_TOPPING_UUID)
VALUES ('a08d319e-eba2-4d2c-bfbb-9b1e747f787e', 'e423135c-b597-4ec9-a54a-cff57da39f38', 'd53837f6-94d9-423c-9765-45e41073adb3'); 
INSERT INTO PIZZA (PIZZA_TYPE_UUID, PIZZA_SIZE_UUID, PIZZA_TOPPING_UUID)
VALUES ('a08d319e-eba2-4d2c-bfbb-9b1e747f787e', 'e423135c-b597-4ec9-a54a-cff57da39f38', '609d758d-11d0-4e9c-9643-45365a4d1817'); 
INSERT INTO PIZZA (PIZZA_TYPE_UUID, PIZZA_SIZE_UUID, PIZZA_TOPPING_UUID)
VALUES ('a08d319e-eba2-4d2c-bfbb-9b1e747f787e', 'e423135c-b597-4ec9-a54a-cff57da39f38', 'fb3a2777-af14-45b7-8765-a1e1d761e48e'); 
INSERT INTO PIZZA (PIZZA_TYPE_UUID, PIZZA_SIZE_UUID, PIZZA_TOPPING_UUID)
VALUES ('a08d319e-eba2-4d2c-bfbb-9b1e747f787e', 'e423135c-b597-4ec9-a54a-cff57da39f38', '3e85e4d5-6c0c-421c-8d52-387a8074c3ac'); 
INSERT INTO PIZZA (PIZZA_TYPE_UUID, PIZZA_SIZE_UUID, PIZZA_TOPPING_UUID)
VALUES ('a08d319e-eba2-4d2c-bfbb-9b1e747f787e', 'af9d2771-9dce-40a0-ac80-1adf19088017', 'eca3dd33-0aab-4ce7-bb41-14bcc9212aaf'); 
INSERT INTO PIZZA (PIZZA_TYPE_UUID, PIZZA_SIZE_UUID, PIZZA_TOPPING_UUID)
VALUES ('a08d319e-eba2-4d2c-bfbb-9b1e747f787e', 'af9d2771-9dce-40a0-ac80-1adf19088017', 'd53837f6-94d9-423c-9765-45e41073adb3'); 
INSERT INTO PIZZA (PIZZA_TYPE_UUID, PIZZA_SIZE_UUID, PIZZA_TOPPING_UUID)
VALUES ('a08d319e-eba2-4d2c-bfbb-9b1e747f787e', 'af9d2771-9dce-40a0-ac80-1adf19088017', '609d758d-11d0-4e9c-9643-45365a4d1817'); 
INSERT INTO PIZZA (PIZZA_TYPE_UUID, PIZZA_SIZE_UUID, PIZZA_TOPPING_UUID)
VALUES ('a08d319e-eba2-4d2c-bfbb-9b1e747f787e', 'af9d2771-9dce-40a0-ac80-1adf19088017', 'fb3a2777-af14-45b7-8765-a1e1d761e48e'); 
INSERT INTO PIZZA (PIZZA_TYPE_UUID, PIZZA_SIZE_UUID, PIZZA_TOPPING_UUID)
VALUES ('a08d319e-eba2-4d2c-bfbb-9b1e747f787e', 'af9d2771-9dce-40a0-ac80-1adf19088017', '3e85e4d5-6c0c-421c-8d52-387a8074c3ac'); 

INSERT INTO PIZZA (PIZZA_TYPE_UUID, PIZZA_SIZE_UUID, PIZZA_TOPPING_UUID)
VALUES ('3e4a0c24-b820-4a53-b379-5dacb38b439d', '0a06928c-92b9-4037-80a8-8022ca95e13b', 'eca3dd33-0aab-4ce7-bb41-14bcc9212aaf'); 
INSERT INTO PIZZA (PIZZA_TYPE_UUID, PIZZA_SIZE_UUID, PIZZA_TOPPING_UUID)
VALUES ('3e4a0c24-b820-4a53-b379-5dacb38b439d', '0a06928c-92b9-4037-80a8-8022ca95e13b', 'd53837f6-94d9-423c-9765-45e41073adb3'); 
INSERT INTO PIZZA (PIZZA_TYPE_UUID, PIZZA_SIZE_UUID, PIZZA_TOPPING_UUID)
VALUES ('3e4a0c24-b820-4a53-b379-5dacb38b439d', '0a06928c-92b9-4037-80a8-8022ca95e13b', '609d758d-11d0-4e9c-9643-45365a4d1817'); 
INSERT INTO PIZZA (PIZZA_TYPE_UUID, PIZZA_SIZE_UUID, PIZZA_TOPPING_UUID)
VALUES ('3e4a0c24-b820-4a53-b379-5dacb38b439d', '0a06928c-92b9-4037-80a8-8022ca95e13b', 'fb3a2777-af14-45b7-8765-a1e1d761e48e'); 
INSERT INTO PIZZA (PIZZA_TYPE_UUID, PIZZA_SIZE_UUID, PIZZA_TOPPING_UUID)
VALUES ('3e4a0c24-b820-4a53-b379-5dacb38b439d', '0a06928c-92b9-4037-80a8-8022ca95e13b', '3e85e4d5-6c0c-421c-8d52-387a8074c3ac'); 
INSERT INTO PIZZA (PIZZA_TYPE_UUID, PIZZA_SIZE_UUID, PIZZA_TOPPING_UUID)
VALUES ('3e4a0c24-b820-4a53-b379-5dacb38b439d', '8d6ab16c-a2ab-46b3-8aa0-91674295afb7', 'eca3dd33-0aab-4ce7-bb41-14bcc9212aaf'); 
INSERT INTO PIZZA (PIZZA_TYPE_UUID, PIZZA_SIZE_UUID, PIZZA_TOPPING_UUID)
VALUES ('3e4a0c24-b820-4a53-b379-5dacb38b439d', '8d6ab16c-a2ab-46b3-8aa0-91674295afb7', 'd53837f6-94d9-423c-9765-45e41073adb3'); 
INSERT INTO PIZZA (PIZZA_TYPE_UUID, PIZZA_SIZE_UUID, PIZZA_TOPPING_UUID)
VALUES ('3e4a0c24-b820-4a53-b379-5dacb38b439d', '8d6ab16c-a2ab-46b3-8aa0-91674295afb7', '609d758d-11d0-4e9c-9643-45365a4d1817'); 
INSERT INTO PIZZA (PIZZA_TYPE_UUID, PIZZA_SIZE_UUID, PIZZA_TOPPING_UUID)
VALUES ('3e4a0c24-b820-4a53-b379-5dacb38b439d', '8d6ab16c-a2ab-46b3-8aa0-91674295afb7', 'fb3a2777-af14-45b7-8765-a1e1d761e48e'); 
INSERT INTO PIZZA (PIZZA_TYPE_UUID, PIZZA_SIZE_UUID, PIZZA_TOPPING_UUID)
VALUES ('3e4a0c24-b820-4a53-b379-5dacb38b439d', '8d6ab16c-a2ab-46b3-8aa0-91674295afb7', '3e85e4d5-6c0c-421c-8d52-387a8074c3ac'); 
INSERT INTO PIZZA (PIZZA_TYPE_UUID, PIZZA_SIZE_UUID, PIZZA_TOPPING_UUID)
VALUES ('3e4a0c24-b820-4a53-b379-5dacb38b439d', 'e423135c-b597-4ec9-a54a-cff57da39f38', 'eca3dd33-0aab-4ce7-bb41-14bcc9212aaf'); 
INSERT INTO PIZZA (PIZZA_TYPE_UUID, PIZZA_SIZE_UUID, PIZZA_TOPPING_UUID)
VALUES ('3e4a0c24-b820-4a53-b379-5dacb38b439d', 'e423135c-b597-4ec9-a54a-cff57da39f38', 'd53837f6-94d9-423c-9765-45e41073adb3'); 
INSERT INTO PIZZA (PIZZA_TYPE_UUID, PIZZA_SIZE_UUID, PIZZA_TOPPING_UUID)
VALUES ('3e4a0c24-b820-4a53-b379-5dacb38b439d', 'e423135c-b597-4ec9-a54a-cff57da39f38', '609d758d-11d0-4e9c-9643-45365a4d1817'); 
INSERT INTO PIZZA (PIZZA_TYPE_UUID, PIZZA_SIZE_UUID, PIZZA_TOPPING_UUID)
VALUES ('3e4a0c24-b820-4a53-b379-5dacb38b439d', 'e423135c-b597-4ec9-a54a-cff57da39f38', 'fb3a2777-af14-45b7-8765-a1e1d761e48e'); 
INSERT INTO PIZZA (PIZZA_TYPE_UUID, PIZZA_SIZE_UUID, PIZZA_TOPPING_UUID)
VALUES ('3e4a0c24-b820-4a53-b379-5dacb38b439d', 'e423135c-b597-4ec9-a54a-cff57da39f38', '3e85e4d5-6c0c-421c-8d52-387a8074c3ac'); 
INSERT INTO PIZZA (PIZZA_TYPE_UUID, PIZZA_SIZE_UUID, PIZZA_TOPPING_UUID)
VALUES ('3e4a0c24-b820-4a53-b379-5dacb38b439d', 'af9d2771-9dce-40a0-ac80-1adf19088017', 'eca3dd33-0aab-4ce7-bb41-14bcc9212aaf'); 
INSERT INTO PIZZA (PIZZA_TYPE_UUID, PIZZA_SIZE_UUID, PIZZA_TOPPING_UUID)
VALUES ('3e4a0c24-b820-4a53-b379-5dacb38b439d', 'af9d2771-9dce-40a0-ac80-1adf19088017', 'd53837f6-94d9-423c-9765-45e41073adb3'); 
INSERT INTO PIZZA (PIZZA_TYPE_UUID, PIZZA_SIZE_UUID, PIZZA_TOPPING_UUID)
VALUES ('3e4a0c24-b820-4a53-b379-5dacb38b439d', 'af9d2771-9dce-40a0-ac80-1adf19088017', '609d758d-11d0-4e9c-9643-45365a4d1817'); 
INSERT INTO PIZZA (PIZZA_TYPE_UUID, PIZZA_SIZE_UUID, PIZZA_TOPPING_UUID)
VALUES ('3e4a0c24-b820-4a53-b379-5dacb38b439d', 'af9d2771-9dce-40a0-ac80-1adf19088017', 'fb3a2777-af14-45b7-8765-a1e1d761e48e'); 
INSERT INTO PIZZA (PIZZA_TYPE_UUID, PIZZA_SIZE_UUID, PIZZA_TOPPING_UUID)
VALUES ('3e4a0c24-b820-4a53-b379-5dacb38b439d', 'af9d2771-9dce-40a0-ac80-1adf19088017', '3e85e4d5-6c0c-421c-8d52-387a8074c3ac'); 

INSERT INTO PIZZA (PIZZA_TYPE_UUID, PIZZA_SIZE_UUID, PIZZA_TOPPING_UUID)
VALUES ('3f59da26-fba9-4746-92f3-c6c003c59554', '0a06928c-92b9-4037-80a8-8022ca95e13b', 'eca3dd33-0aab-4ce7-bb41-14bcc9212aaf'); 
INSERT INTO PIZZA (PIZZA_TYPE_UUID, PIZZA_SIZE_UUID, PIZZA_TOPPING_UUID)
VALUES ('3f59da26-fba9-4746-92f3-c6c003c59554', '0a06928c-92b9-4037-80a8-8022ca95e13b', 'd53837f6-94d9-423c-9765-45e41073adb3'); 
INSERT INTO PIZZA (PIZZA_TYPE_UUID, PIZZA_SIZE_UUID, PIZZA_TOPPING_UUID)
VALUES ('3f59da26-fba9-4746-92f3-c6c003c59554', '0a06928c-92b9-4037-80a8-8022ca95e13b', '609d758d-11d0-4e9c-9643-45365a4d1817'); 
INSERT INTO PIZZA (PIZZA_TYPE_UUID, PIZZA_SIZE_UUID, PIZZA_TOPPING_UUID)
VALUES ('3f59da26-fba9-4746-92f3-c6c003c59554', '0a06928c-92b9-4037-80a8-8022ca95e13b', 'fb3a2777-af14-45b7-8765-a1e1d761e48e'); 
INSERT INTO PIZZA (PIZZA_TYPE_UUID, PIZZA_SIZE_UUID, PIZZA_TOPPING_UUID)
VALUES ('3f59da26-fba9-4746-92f3-c6c003c59554', '0a06928c-92b9-4037-80a8-8022ca95e13b', '3e85e4d5-6c0c-421c-8d52-387a8074c3ac'); 
INSERT INTO PIZZA (PIZZA_TYPE_UUID, PIZZA_SIZE_UUID, PIZZA_TOPPING_UUID)
VALUES ('3f59da26-fba9-4746-92f3-c6c003c59554', '8d6ab16c-a2ab-46b3-8aa0-91674295afb7', 'eca3dd33-0aab-4ce7-bb41-14bcc9212aaf'); 
INSERT INTO PIZZA (PIZZA_TYPE_UUID, PIZZA_SIZE_UUID, PIZZA_TOPPING_UUID)
VALUES ('3f59da26-fba9-4746-92f3-c6c003c59554', '8d6ab16c-a2ab-46b3-8aa0-91674295afb7', 'd53837f6-94d9-423c-9765-45e41073adb3'); 
INSERT INTO PIZZA (PIZZA_TYPE_UUID, PIZZA_SIZE_UUID, PIZZA_TOPPING_UUID)
VALUES ('3f59da26-fba9-4746-92f3-c6c003c59554', '8d6ab16c-a2ab-46b3-8aa0-91674295afb7', '609d758d-11d0-4e9c-9643-45365a4d1817'); 
INSERT INTO PIZZA (PIZZA_TYPE_UUID, PIZZA_SIZE_UUID, PIZZA_TOPPING_UUID)
VALUES ('3f59da26-fba9-4746-92f3-c6c003c59554', '8d6ab16c-a2ab-46b3-8aa0-91674295afb7', 'fb3a2777-af14-45b7-8765-a1e1d761e48e'); 
INSERT INTO PIZZA (PIZZA_TYPE_UUID, PIZZA_SIZE_UUID, PIZZA_TOPPING_UUID)
VALUES ('3f59da26-fba9-4746-92f3-c6c003c59554', '8d6ab16c-a2ab-46b3-8aa0-91674295afb7', '3e85e4d5-6c0c-421c-8d52-387a8074c3ac'); 
INSERT INTO PIZZA (PIZZA_TYPE_UUID, PIZZA_SIZE_UUID, PIZZA_TOPPING_UUID)
VALUES ('3f59da26-fba9-4746-92f3-c6c003c59554', 'e423135c-b597-4ec9-a54a-cff57da39f38', 'eca3dd33-0aab-4ce7-bb41-14bcc9212aaf'); 
INSERT INTO PIZZA (PIZZA_TYPE_UUID, PIZZA_SIZE_UUID, PIZZA_TOPPING_UUID)
VALUES ('3f59da26-fba9-4746-92f3-c6c003c59554', 'e423135c-b597-4ec9-a54a-cff57da39f38', 'd53837f6-94d9-423c-9765-45e41073adb3'); 
INSERT INTO PIZZA (PIZZA_TYPE_UUID, PIZZA_SIZE_UUID, PIZZA_TOPPING_UUID)
VALUES ('3f59da26-fba9-4746-92f3-c6c003c59554', 'e423135c-b597-4ec9-a54a-cff57da39f38', '609d758d-11d0-4e9c-9643-45365a4d1817'); 
INSERT INTO PIZZA (PIZZA_TYPE_UUID, PIZZA_SIZE_UUID, PIZZA_TOPPING_UUID)
VALUES ('3f59da26-fba9-4746-92f3-c6c003c59554', 'e423135c-b597-4ec9-a54a-cff57da39f38', 'fb3a2777-af14-45b7-8765-a1e1d761e48e'); 
INSERT INTO PIZZA (PIZZA_TYPE_UUID, PIZZA_SIZE_UUID, PIZZA_TOPPING_UUID)
VALUES ('3f59da26-fba9-4746-92f3-c6c003c59554', 'e423135c-b597-4ec9-a54a-cff57da39f38', '3e85e4d5-6c0c-421c-8d52-387a8074c3ac'); 
INSERT INTO PIZZA (PIZZA_TYPE_UUID, PIZZA_SIZE_UUID, PIZZA_TOPPING_UUID)
VALUES ('3f59da26-fba9-4746-92f3-c6c003c59554', 'af9d2771-9dce-40a0-ac80-1adf19088017', 'eca3dd33-0aab-4ce7-bb41-14bcc9212aaf'); 
INSERT INTO PIZZA (PIZZA_TYPE_UUID, PIZZA_SIZE_UUID, PIZZA_TOPPING_UUID)
VALUES ('3f59da26-fba9-4746-92f3-c6c003c59554', 'af9d2771-9dce-40a0-ac80-1adf19088017', 'd53837f6-94d9-423c-9765-45e41073adb3'); 
INSERT INTO PIZZA (PIZZA_TYPE_UUID, PIZZA_SIZE_UUID, PIZZA_TOPPING_UUID)
VALUES ('3f59da26-fba9-4746-92f3-c6c003c59554', 'af9d2771-9dce-40a0-ac80-1adf19088017', '609d758d-11d0-4e9c-9643-45365a4d1817'); 
INSERT INTO PIZZA (PIZZA_TYPE_UUID, PIZZA_SIZE_UUID, PIZZA_TOPPING_UUID)
VALUES ('3f59da26-fba9-4746-92f3-c6c003c59554', 'af9d2771-9dce-40a0-ac80-1adf19088017', 'fb3a2777-af14-45b7-8765-a1e1d761e48e'); 
INSERT INTO PIZZA (PIZZA_TYPE_UUID, PIZZA_SIZE_UUID, PIZZA_TOPPING_UUID)
VALUES ('3f59da26-fba9-4746-92f3-c6c003c59554', 'af9d2771-9dce-40a0-ac80-1adf19088017', '3e85e4d5-6c0c-421c-8d52-387a8074c3ac'); 
COMMIT;